Image,Description
https://mm.digikey.com/Volume0/opasdata/d220001/medias/images/426/MFG_ANT11SECQE.jpg,SWITCH TOGGLE SPDT 5A 120V
https://mm.digikey.com/Volume0/opasdata/d220001/medias/images/426/MFG_ANT11SEBQE.jpg,SWITCH TOGGLE SPDT 5A 120V
https://mm.digikey.com/Volume0/opasdata/d220001/medias/images/426/MFG_ANT11SF1CQE.jpg,SWITCH TOGGLE SPDT 5A 120V
https://mm.digikey.com/Volume0/opasdata/d220001/medias/images/426/MFG_ANT21SECQE.jpg,SWITCH TOGGLE DPDT 5A 120V
https://mm.digikey.com/Volume0/opasdata/d220001/medias/images/426/MFG_ANT13SECQE.jpg,SWITCH TOGGLE SPDT 5A 120V
https://mm.digikey.com/Volume0/opasdata/d220001/medias/images/972/100SP1T1B4M2QE.jpg,SWITCH TOGGLE SPDT 5A 120V
https://mm.digikey.com/Volume0/opasdata/d220001/medias/images/2935/VERTICLE%20TOGGLE%20SWITCH%20TO53-1307.jpg,SWITCH TOGGLE SPDT 5A 120V
https://mm.digikey.com/Volume0/opasdata/d220001/medias/images/952/100SPxT1B1M2QEH.jpg,SWITCH TOGGLE SPDT 5A 120V
https://mm.digikey.com/Volume0/opasdata/d220001/medias/images/414/200MSP1T1B1M2QEH.JPG,SWITCH TOGGLE SPDT 3A 120V
https://mm.digikey.com/Volume0/opasdata/d220001/medias/images/2452/100SP1T2B3M1QEH%2C%20100SP1T2B3M2QEH.jpg,SWITCH TOGGLE SPDT 5A 120V
https://mm.digikey.com/Volume0/opasdata/d220001/medias/images/12/100SP3T1B1M2QE.jpg,SWITCH TOGGLE SPDT 5A 120V
https://mm.digikey.com/Volume0/opasdata/d220001/medias/images/2935/VERTICLE%20TOGGLE%20SWITCH%20TO53-1307.jpg,SWITCH TOGGLE SPDT 5A 120V
https://mm.digikey.com/Volume0/opasdata/d220001/medias/images/421/200AWMSP1T2A1M2RE.jpg,SWITCH TOGGLE SPDT 0.4VA 20V
https://mm.digikey.com/Volume0/opasdata/d220001/medias/images/952/100SPxT1B1M2QEH.jpg,SWITCH TOGGLE SPDT 5A 120V
https://mm.digikey.com/Volume0/opasdata/d220001/medias/images/366/200USP1T1A1M2RE.jpg,SWITCH TOGGLE SPDT 0.4VA 20V
https://mm.digikey.com/Volume0/opasdata/d220001/medias/images/2293/ATE1x-2M3-10-Z.JPG,SWITCH TOGGLE SPDT 50MA 48V
https://mm.digikey.com/Volume0/opasdata/d220001/medias/images/2438/100DP3T1B1M2QEH%2C%20100DP1T1B1M2QEH.jpg,SWITCH TOGGLE DPDT 5A 120V
https://mm.digikey.com/Volume0/opasdata/d220001/medias/images/2399/100DP2T1B1M1QEH%2C%20100DP1T1B1M1QEH.jpg,SWITCH TOGGLE DPDT 5A 120V
https://mm.digikey.com/Volume0/opasdata/d220001/medias/images/5791/MFG_100SP5T1B1M2QEH.jpg,SWITCH TOGGLE SPDT 5A 120V
https://mm.digikey.com/Volume0/opasdata/d220001/medias/images/414/200MSP3T1B1M2QEH.JPG,SWITCH TOGGLE SPDT 3A 120V
https://mm.digikey.com/Volume0/opasdata/d220001/medias/images/708/100SP1T2B4VS2QE.jpg,SWITCH TOGGLE SPDT 5A 120V
https://mm.digikey.com/Volume0/opasdata/d220001/medias/images/632/100SP1T2B4M7QE.JPG,SWITCH TOGGLE SPDT 5A 120V
https://mm.digikey.com/Volume0/opasdata/d220001/medias/images/659/A101SYZQ04.jpg,SWITCH TOGGLE SPDT 5A 120V
https://mm.digikey.com/Volume0/opasdata/d220001/medias/images/2529/200AWMSP3T1A1M2RE%2C%20200AWMSP1T1A1M2RE%2C%20200AWMSP2T1A1M2RE.jpg,SWITCH TOGGLE SPDT 0.4VA 20V
https://mm.digikey.com/Volume0/opasdata/d220001/medias/images/854/ARE1D-2M3-10-Z.JPG,SWITCH TOGGLE SPDT 50MA 48V
https://mm.digikey.com/Volume0/opasdata/d220001/medias/images/2438/100DP3T1B1M2QEH%2C%20100DP1T1B1M2QEH.jpg,SWITCH TOGGLE DPDT 5A 120V
https://mm.digikey.com/Volume0/opasdata/d220001/medias/images/2415/100SP4T2B4M6RE%2C%20100SP3T2B4M6RE%2C%20100SP1T2B4M6RE.jpg,SWITCH TOGGLE SPDT 0.4VA 20V
https://mm.digikey.com/Volume0/opasdata/d220001/medias/images/1089/200UDP1T1A1M2RE.jpg,SWITCH TOGGLE DPDT 0.4VA 20V
https://mm.digikey.com/Volume0/opasdata/d220001/medias/images/921/100DP1T2B4M6QE.jpg,SWITCH TOGGLE DPDT 5A 120V
https://mm.digikey.com/Volume0/opasdata/d220001/medias/images/1136/MFG_B18AP.jpg,SWITCH TOGGLE SPDT 0.4VA 28V
https://mm.digikey.com/Volume0/opasdata/d220001/medias/images/382/MFG_G12AH-RO.jpg,SWITCH TOGGLE SPDT 0.4VA 28V
https://mm.digikey.com/Volume0/opasdata/d220001/medias/images/540/GTS447A101HR.jpg,SWITCH TOGGLE SPST 20A 277V
https://mm.digikey.com/Volume0/opasdata/d220001/medias/images/2468/200AWMSP3T2A1M6RE%2C%20200AWMSP1T2A1M6RE.jpg,SWITCH TOGGLE SPDT 0.4VA 20V
https://mm.digikey.com/Volume0/opasdata/d220001/medias/images/2496/100DP3T1B1M1QEH%2C%20100DP3T1B1M1QEH%2C%20100DP5T1B1M1QEH%2C%20100DP6T1B1M1QEH.jpg,SWITCH TOGGLE SP3T 5A 120V
https://mm.digikey.com/Volume0/opasdata/d220001/medias/images/1169/100SP1K1B25M1QEH.jpg,SWITCH TOGGLE SPDT 5A 120V
https://mm.digikey.com/Volume0/opasdata/d220001/medias/images/370/MFG_G3T12AB_RO.jpg,SWITCH TOGGLE SPDT 0.4VA 28V
https://mm.digikey.com/Volume0/opasdata/d220001/medias/images/2369/8A10x2-Z.jpg,SWITCH TOGGLE SPDT 6A 125V
https://mm.digikey.com/Volume0/opasdata/d220001/medias/images/382/MFG_G13AP.jpg,SWITCH TOGGLE SPDT 0.4VA 28V
https://mm.digikey.com/Volume0/opasdata/d220001/medias/images/4844/141_ST141D00.jpg,SWITCH TOGGLE SPST 20A 125V
https://mm.digikey.com/Volume0/opasdata/d220001/medias/images/6258/MN12SS2W13.jpg,SWITCH TOGGLE
https://mm.digikey.com/Volume0/opasdata/d220001/medias/images/959/B12JV.jpg,SWITCH TOGGLE SPDT 0.4VA 28V
https://mm.digikey.com/Volume0/opasdata/d220001/medias/images/1069/B12AV.jpg,SWITCH TOGGLE SPDT 0.4VA 28V
https://mm.digikey.com/Volume0/opasdata/d220001/medias/images/651/MFG_A11JP.jpg,SWITCH TOGGLE SPST 0.4VA 28V
https://mm.digikey.com/Volume0/opasdata/d220001/medias/images/376/100DP1T8B13M1QEH.jpg,SWITCH TOGGLE DPDT 5A 120V
https://mm.digikey.com/Volume0/opasdata/d220001/medias/images/1133/A12AP.jpg,SWITCH TOGGLE SPDT 0.4VA 28V
https://mm.digikey.com/Volume0/opasdata/d220001/medias/images/901/7101SYAQE.jpg,SWITCH TOGGLE SPDT 5A 120V
https://mm.digikey.com/Volume0/opasdata/d220001/medias/images/1283/TMS6T1B1M1QE.jpg,SWITCH TOGGLE SPST 3A 120V
https://mm.digikey.com/Volume0/opasdata/d220001/medias/images/975/GT11MCBE.jpg,SWITCH TOGGLE SPDT 0.4VA 20V
https://mm.digikey.com/Volume0/opasdata/d220001/medias/images/382/MFG_B19AB-RO.jpg,SWITCH TOGGLE SPDT 0.4VA 28V
https://mm.digikey.com/Volume0/opasdata/d220001/medias/images/4845/141_ST242D00.jpg,SWITCH TOGGLE DPST 20A 125V
https://mm.digikey.com/Volume0/opasdata/d220001/medias/images/380/5236AB.jpg,SWITCH TOGGLE SPDT 6A 125V
https://mm.digikey.com/Volume0/opasdata/d220001/medias/images/876/GT12MSABETR.jpg,SWITCH TOGGLE SPDT 0.4VA 20V
https://mm.digikey.com/Volume0/opasdata/d220001/medias/images/447/ET01SD1CBE.jpg,SWITCH TOGGLE SPDT 0.4VA 20V
https://mm.digikey.com/Volume0/opasdata/d220001/medias/images/2583/TOGGLE%20SWITCH%20SPDT%20TO61-384%20BLUE.jpg,SWITCH TOGGLE SPDT 5A 120V
https://mm.digikey.com/Volume0/opasdata/d220001/medias/images/370/MFG_G22AP_RO.jpg,SWITCH TOGGLE DPDT 0.4VA 28V
https://mm.digikey.com/Volume0/opasdata/d220001/medias/images/2421/GT%20Series.jpg,SWITCH TOGGLE SPST 0.4VA 20V
https://mm.digikey.com/Volume0/opasdata/d220001/medias/images/4819/S301.jpg,SWITCH TOGGLE SPST 15A 125V
https://mm.digikey.com/Volume0/opasdata/d220001/medias/images/969/S1F.jpg,SWITCH TOGGLE SPST 15A 125V
https://mm.digikey.com/Volume0/opasdata/d220001/medias/images/2472/7101SY9AV2BE%2C%207101SD9AV2BE.jpg,SWITCH TOGGLE SPDT 0.4VA 20V
https://mm.digikey.com/Volume0/opasdata/d220001/medias/images/599/ST246D00.jpg,SWITCH TOGGLE DPDT 20A 125V
https://mm.digikey.com/Volume0/opasdata/d220001/medias/images/2597/T103SHCQE%2C%20T101SHCQE.jpg,SWITCH TOGGLE SPDT 3A 120V
https://mm.digikey.com/Volume0/opasdata/d220001/medias/images/4819/S1A-RO.jpg,SWITCH TOGGLE SPST 15A 125V
https://mm.digikey.com/Volume0/opasdata/d220001/medias/images/912/T101MH9CBE.jpg,SWITCH TOGGLE SPDT 0.4VA 20V
https://mm.digikey.com/Volume0/opasdata/d220001/medias/images/6258/MN12S2A2G40.jpg,SWITCH TOGGLE
https://mm.digikey.com/Volume0/opasdata/d220001/medias/images/380/5636AB.jpg,SWITCH TOGGLE SPDT 6A 125V
https://mm.digikey.com/Volume0/opasdata/d220001/medias/images/2597/ST24GD00%20%282%29.jpg,SWITCH TOGGLE DPDT 20A 125V
https://mm.digikey.com/Volume0/opasdata/d220001/medias/images/635/t101mhcge.JPG,SWITCH TOGGLE SPDT 3A 120V
https://mm.digikey.com/Volume0/opasdata/d220001/medias/images/6443/MFG_2FA53-73-TABS.jpg,SWITCH TOGGLE SPST 15A 125V
https://mm.digikey.com/Volume0/opasdata/d220001/medias/images/2516/E105SD1CBE%2C%20E101SD1CGE%2C%20E101SD1CBE.jpg,SWITCH TOGGLE SPDT 0.4VA 20V
https://mm.digikey.com/Volume0/opasdata/d220001/medias/images/821/7101SYCQE.jpg,SWITCH TOGGLE SPDT 5A 120V
https://mm.digikey.com/Volume0/opasdata/d220001/medias/images/1163/ET01LD1CBE.jpg,SWITCH TOGGLE SPDT 0.4VA 20V
https://mm.digikey.com/Volume0/opasdata/d220001/medias/images/2523/GT13MSCBETR%2C%20GT11MSCBETR%2C%20GT21MSCBETR.jpg,SWITCH TOGGLE SPDT 0.4VA 20V
https://mm.digikey.com/Volume0/opasdata/d220001/medias/images/820/S2F.jpg,SWITCH TOGGLE SPDT 15A 125V
https://mm.digikey.com/Volume0/opasdata/d220001/medias/images/868/1004P3T1B1M1QEH.jpg,SWITCH TOGGLE 4PDT 5A 120V
https://mm.digikey.com/Volume0/opasdata/d220001/medias/images/6147/MFG_2FAA01-73.jpg,SWITCH TOGGLE SPST 20A 125V
https://mm.digikey.com/Volume0/opasdata/d220001/medias/images/986/7101MD9AQE.jpg,SWITCH TOGGLE SPDT 5A 120V
https://mm.digikey.com/Volume0/opasdata/d220001/medias/images/2435/7101SYZBE%2C%207103SYZBE%2C%207107SYZBE%2C%207101SYZGE.jpg,SWITCH TOGGLE SPDT 5A 120V
https://mm.digikey.com/Volume0/opasdata/d220001/medias/images/2519/7103SYCQE%2C%207105SYCQE%2C%207107SYCQE%2C%207108SYCQE%2C%207101SDCQE.jpg,SWITCH TOGGLE SPDT 5A 120V
https://mm.digikey.com/Volume0/opasdata/d220001/medias/images/2367/7101MD9AV2BE%2C%207107MD9AV2BE.jpg,SWITCH TOGGLE SPDT 0.4VA 20V
https://mm.digikey.com/Volume0/opasdata/d220001/medias/images/1024/7101SYAV2BE.jpg,SWITCH TOGGLE SPDT 0.4VA 20V
https://mm.digikey.com/Volume0/opasdata/d220001/medias/images/6258/MN12LL3W01.jpg,SWITCH TOGGLE 6A 125V
https://mm.digikey.com/Volume0/opasdata/d220001/medias/images/637/et02md1cbe.JPG,SWITCH TOGGLE SPST 0.4VA 20V
https://mm.digikey.com/Volume0/opasdata/d220001/medias/images/922/7105P3YZQE.jpg,SWITCH TOGGLE SPDT 5A 120V
https://mm.digikey.com/Volume0/opasdata/d220001/medias/images/6144/MFG_110-73.jpg,SWITCH TOGGLE SPST 6A 125V
https://mm.digikey.com/Volume0/opasdata/d220001/medias/images/1176/GT21MCBE.jpg,SWITCH TOGGLE DPDT 0.4VA 20V
https://mm.digikey.com/Volume0/opasdata/d220001/medias/images/1127/7101SD9V3QE.jpg,SWITCH TOGGLE SPDT 5A 120V
https://mm.digikey.com/Volume0/opasdata/d220001/medias/images/2481/7101MD9V3BE%2C%207103MD9V3BE.jpg,SWITCH TOGGLE SPDT 0.4VA 20V
https://mm.digikey.com/Volume0/opasdata/d220001/medias/images/2519/7103SYCQE%2C%207105SYCQE%2C%207107SYCQE%2C%207108SYCQE%2C%207101SDCQE.jpg,SWITCH TOGGLE SPDT 5A 120V
https://mm.digikey.com/Volume0/opasdata/d220001/medias/images/447/T101MH9V3BE.jpg,SWITCH TOGGLE SPDT 0.4VA 20V
https://mm.digikey.com/Volume0/opasdata/d220001/medias/images/1121/631H.jpg,SWITCH TOGGLE SPST 15A 250V
https://mm.digikey.com/Volume0/opasdata/d220001/medias/images/424/ET01MD1AVBE.jpg,SWITCH TOGGLE SPDT 0.4VA 20V
https://mm.digikey.com/Volume0/opasdata/d220001/medias/images/1154/T102SHZQE.jpg,SWITCH TOGGLE SPST 2A 120V
https://mm.digikey.com/Volume0/opasdata/d220001/medias/images/1064/7101P3YZQE.jpg,SWITCH TOGGLE SPDT 5A 120V
https://mm.digikey.com/Volume0/opasdata/d220001/medias/images/376/MFG_S6A_RO.jpg,SWITCH TOGGLE DPDT 20A 125V
https://mm.digikey.com/Volume0/opasdata/d220001/medias/images/2272/C3900BE.jpg,SWITCH TOGGLE SPST 20A 125V
https://mm.digikey.com/Volume0/opasdata/d220001/medias/images/2431/7105TCWZQE%2C%207101TZQE%2C%207101TZQE%2C%207103TZQE%2C%207105TZQE%2C%207108TZQE.jpg,SWITCH TOGGLE SPDT 5A 120V
https://mm.digikey.com/Volume0/opasdata/d220001/medias/images/2404/7000%20Series%20Miniature%20Toggle.jpg,SWITCH TOGGLE SP3T 5A 120V
https://mm.digikey.com/Volume0/opasdata/d220001/medias/images/2581/TOGGLE%20SWITCH%20TO61-1385.jpg,SWITCH TOGGLE DPDT 5A 120V
https://mm.digikey.com/Volume0/opasdata/d220001/medias/images/635/7105TCWZ3QE.JPG,SWITCH TOGGLE SPDT 5A 120V
https://mm.digikey.com/Volume0/opasdata/d220001/medias/images/1207/7101P3HZQE.jpg,SWITCH TOGGLE SPDT 5A 120V
https://mm.digikey.com/Volume0/opasdata/d220001/medias/images/2404/7000%20Series%20Miniature%20Toggle.jpg,SWITCH TOGGLE DPDT 5A 120V
https://mm.digikey.com/Volume0/opasdata/d220001/medias/images/435/1NT1-2.jpg,SWITCH TOGGLE SPST 15A 125V
https://mm.digikey.com/Volume0/opasdata/d220001/medias/images/4843/1208_MTA106F.jpg,SWITCH TOGGLE SPDT 6A 125V
https://mm.digikey.com/Volume0/opasdata/d220001/medias/images/6144/MFG_110-73.jpg,SWITCH TOGGLE SPST 6A 125V
https://mm.digikey.com/Volume0/opasdata/d220001/medias/images/2431/7105TCWZQE%2C%207101TZQE%2C%207101TZQE%2C%207103TZQE%2C%207105TZQE%2C%207108TZQE.jpg,SWITCH TOGGLE SPDT 5A 120V
https://mm.digikey.com/Volume0/opasdata/d220001/medias/images/2459/7201MD9ABE%2C%207207MD9ABE%2C%207211MD9ABE.jpg,SWITCH TOGGLE DPDT 0.4VA 20V
https://mm.digikey.com/Volume0/opasdata/d220001/medias/images/2157/T101LCFZBE.jpg,SWITCH TOGGLE SPDT 0.4VA 20V
https://mm.digikey.com/Volume0/opasdata/d220001/medias/images/780/PT102SQQ.jpg,SWITCH TOGGLE SPST 15A 277V
https://mm.digikey.com/Volume0/opasdata/d220001/medias/images/1300/7101K2AQE.jpg,SWITCH TOGGLE SPDT 5A 120V
https://mm.digikey.com/Volume0/opasdata/d220001/medias/images/2581/TOGGLE%20SWITCH%20TO61-1385.jpg,SWITCH TOGGLE SP3T 5A 120V
https://mm.digikey.com/Volume0/opasdata/d220001/medias/images/538/GTB-2B12.jpg,SWITCH TOGGLE SPST 12A 125V
https://mm.digikey.com/Volume0/opasdata/d220001/medias/images/2459/7201MD9ABE%2C%207207MD9ABE%2C%207211MD9ABE.jpg,SWITCH TOGGLE DPDT 0.4VA 20V
https://mm.digikey.com/Volume0/opasdata/d220001/medias/images/4407/MFG_55033-01.jpg,SWITCH TOGGLE SPDT 15A 24V
https://mm.digikey.com/Volume0/opasdata/d220001/medias/images/1081/S31.jpg,SWITCH TOGGLE 3PST 20A 125V
https://mm.digikey.com/Volume0/opasdata/d220001/medias/images/2475/7203K2ZQE%2C%207203K12ZQE%2C%207201K2ZQE.jpg,SWITCH TOGGLE DPDT 5A 120V
https://mm.digikey.com/Volume0/opasdata/d220001/medias/images/376/S21AW.jpg,SWITCH TOGGLE DPST 15A 125V
https://mm.digikey.com/Volume0/opasdata/d220001/medias/images/495/PT101SQQ.jpg,SWITCH TOGGLE SPDT 15A 277V
https://mm.digikey.com/Volume0/opasdata/d220001/medias/images/809/S1AL.jpg,SWITCH TOGGLE SPST 15A 125V
https://mm.digikey.com/Volume0/opasdata/d220001/medias/images/560/WT11T.jpg,SWITCH TOGGLE SPST 10A 125V
https://mm.digikey.com/Volume0/opasdata/d220001/medias/images/694/PT102SSQ.jpg,SWITCH TOGGLE SPST 15A 277V
https://mm.digikey.com/Volume0/opasdata/d220001/medias/images/380/5636AB2V.jpg,SWITCH TOGGLE SPDT 6A 125V
https://mm.digikey.com/Volume0/opasdata/d220001/medias/images/383/MFG_S422T.jpg,SWITCH TOGGLE DPDT 20A 125V
https://mm.digikey.com/Volume0/opasdata/d220001/medias/images/2592/S25AW%2C%20S6AW%2C%20S7AW.jpg,SWITCH TOGGLE DPDT 20A 125V
https://mm.digikey.com/Volume0/opasdata/d220001/medias/images/538/GTB3B11.jpg,SWITCH TOGGLE DPDT 12A 125V
https://mm.digikey.com/Volume0/opasdata/d220001/medias/images/727/1NT1-x.jpg,SWITCH TOGGLE SPDT 10A 125V
https://mm.digikey.com/Volume0/opasdata/d220001/medias/images/538/GTB-4B13.jpg,SWITCH TOGGLE DPDT 12A 125V
https://mm.digikey.com/Volume0/opasdata/d220001/medias/images/727/1NT1-x.jpg,SWITCH TOGGLE SPDT 15A 125V
https://mm.digikey.com/Volume0/opasdata/d220001/medias/images/694/5582-10.jpg,SWITCH TOGGLE SPST 25A 12V
https://mm.digikey.com/Volume0/opasdata/d220001/medias/images/597/7303P3Y9V7GE.JPG,SWITCH TOGGLE DPDT 5A 120V
https://mm.digikey.com/Volume0/opasdata/d220001/medias/images/6258/MN18WBW01.jpg,SWITCH TOGGLE
https://mm.digikey.com/Volume0/opasdata/d220001/medias/images/376/S7AL.jpg,SWITCH TOGGLE DPDT 20A 125V
https://mm.digikey.com/Volume0/opasdata/d220001/medias/images/698/S1AWB.JPG,SWITCH TOGGLE SPST 15A 125V
https://mm.digikey.com/Volume0/opasdata/d220001/medias/images/1105/S822.jpg,SWITCH TOGGLE DPDT 30A 125V
https://mm.digikey.com/Volume0/opasdata/d220001/medias/images/23/S7ALF.JPG,SWITCH TOGGLE DPDT 20A 125V
https://mm.digikey.com/Volume0/opasdata/d220001/medias/images/1165/2NT91-2.jpg,SWITCH TOGGLE DPST 15A 125V
https://mm.digikey.com/Volume0/opasdata/d220001/medias/images/2438/1TL1-1%2C%201TL1-2%2C%201TL1-3%2C%201TL1-5%2C%201TL1-6%2C%201TL1-7%2C%201TL1-8.jpg,SWITCH TOGGLE SPST 15A 125V
https://mm.digikey.com/Volume0/opasdata/d220001/medias/images/656/S821.jpg,SWITCH TOGGLE DPST 30A 125V
https://mm.digikey.com/Volume0/opasdata/d220001/medias/images/2438/1TL1-1%2C%201TL1-2%2C%201TL1-3%2C%201TL1-5%2C%201TL1-6%2C%201TL1-7%2C%201TL1-8.jpg,SWITCH TOGGLE SPST-NO 10A 125V
https://mm.digikey.com/Volume0/opasdata/d220001/medias/images/380/5266AB.jpg,SWITCH TOGGLE 4PDT 6A 125V
https://mm.digikey.com/Volume0/opasdata/d220001/medias/images/803/631H%7E22V.jpg,SWITCH TOGGLE SPST 15A 250V
https://mm.digikey.com/Volume0/opasdata/d220001/medias/images/6099/MFG_2NT1-xseries.jpg,SWITCH TOGGLE DPDT 10A 125V
https://mm.digikey.com/Volume0/opasdata/d220001/medias/images/2438/1TL1-1%2C%201TL1-2%2C%201TL1-3%2C%201TL1-5%2C%201TL1-6%2C%201TL1-7%2C%201TL1-8.jpg,SWITCH TOGGLE SPDT 10A 125V
https://mm.digikey.com/Volume0/opasdata/d220001/medias/images/581/1TL1-7E.jpg,SWITCH TOGGLE SPDT 10A 125V
https://mm.digikey.com/Volume0/opasdata/d220001/medias/images/2438/11TW1-3%2C%2011TW1-5%2C%2011TW1-7.jpg,SWITCH TOGGLE SPDT 5A 125V
https://mm.digikey.com/Volume0/opasdata/d220001/medias/images/504/12000-SERIES.jpg,SWITCH TOGGLE DPDT 4A 125V
https://mm.digikey.com/Volume0/opasdata/d220001/medias/images/868/MTG92AD2.JPG,SWITCH TOGGLE SPDT 6A 30V
https://mm.digikey.com/Volume0/opasdata/d220001/medias/images/868/MTG92AD2.JPG,SWITCH TOGGLE SPDT 6A 30V
https://mm.digikey.com/Volume0/opasdata/d220001/medias/images/868/MTG92AD2.JPG,SWITCH TOGGLE SPDT 6A 30V
https://mm.digikey.com/Volume0/opasdata/d220001/medias/images/2435/1TL1-3G%2C%201TL1-3D.jpg,SWITCH TOGGLE SPDT 15A 125V
https://mm.digikey.com/Volume0/opasdata/d220001/medias/images/581/2TL1-2D.jpg,SWITCH TOGGLE DPST 15A 125V
https://mm.digikey.com/Volume0/opasdata/d220001/medias/images/718/2TL1-10A.jpg,SWITCH TOGGLE SP3T 15A 125V
https://mm.digikey.com/Volume0/opasdata/d220001/medias/images/911/4TL1-3D.jpg,SWITCH TOGGLE 4PDT 15A 125V
https://mm.digikey.com/Volume0/opasdata/d220001/medias/images/581/4TL1-1A.jpg,SWITCH TOGGLE 4PDT 15A 125V
https://mm.digikey.com/Volume0/opasdata/d220001/medias/images/3999/12166X778.jpg,SWITCH TOGGLE 4PDT 4A 30V
https://mm.digikey.com/Volume0/opasdata/d220001/medias/images/3988/121462VX778.jpg,SWITCH TOGGLE DPDT 4A 125V
https://mm.digikey.com/Volume0/opasdata/d220001/medias/images/2391/B13AP%2C%20B12AP%2C%20B15AP.jpg,SWITCH TOGGLE SPDT 0.4VA 28V
https://mm.digikey.com/Volume0/opasdata/d220001/medias/images/1168/S301T.jpg,SWITCH TOGGLE SPST 15A 125V
https://mm.digikey.com/Volume0/opasdata/d220001/medias/images/928/A101SYCB04.jpg,SWITCH TOGGLE SPDT 0.4VA 20V
https://mm.digikey.com/Volume0/opasdata/d220001/medias/images/961/G12AP.jpg,SWITCH TOGGLE SPDT 0.4VA 28V
https://mm.digikey.com/Volume0/opasdata/d220001/medias/images/1144/TMS6T5B2M2RE.jpg,SWITCH TOGGLE SPST 0.4VA 20V
https://mm.digikey.com/Volume0/opasdata/d220001/medias/images/660/S333.jpg,SWITCH TOGGLE DPDT 20A 125V
https://mm.digikey.com/Volume0/opasdata/d220001/medias/images/376/MFG_WT11L_RO.jpg,SWITCH TOGGLE SPST 10A 125V
https://mm.digikey.com/Volume0/opasdata/d220001/medias/images/660/S331F.JPG,SWITCH TOGGLE DPST 20A 125V
https://mm.digikey.com/Volume0/opasdata/d220001/medias/images/376/MFG_S21A_RO.jpg,SWITCH TOGGLE DPST 15A 125V
https://mm.digikey.com/Volume0/opasdata/d220001/medias/images/493/3-6437592-9.jpg,SWITCH TOGGLE DPDT 20A 125V
https://mm.digikey.com/Volume0/opasdata/d220001/medias/images/912/S832.jpg,SWITCH TOGGLE 3PDT 30A 125V
https://mm.digikey.com/Volume0/opasdata/d220001/medias/images/383/S42F.jpg,SWITCH TOGGLE 4PDT 20A 125V
https://mm.digikey.com/Volume0/opasdata/d220001/medias/images/376/MFG_S332F_RO.jpg,SWITCH TOGGLE DPDT 25A 125V
https://mm.digikey.com/Volume0/opasdata/d220001/medias/images/2583/S305%20%282%29.jpg,SWITCH TOGGLE SPDT 15A 125V
https://mm.digikey.com/Volume0/opasdata/d220001/medias/images/560/S2AL.jpg,SWITCH TOGGLE SPDT 15A 125V
https://mm.digikey.com/Volume0/opasdata/d220001/medias/images/599/MFG_S28AWFRO.jpg,SWITCH TOGGLE DPDT 15A 125V
https://mm.digikey.com/Volume0/opasdata/d220001/medias/images/1049/WT21S.jpg,SWITCH TOGGLE DPST 10A 125V
https://mm.digikey.com/Volume0/opasdata/d220001/medias/images/376/MFG_S822D_RO.jpg,SWITCH TOGGLE DPDT 30A 30V
https://mm.digikey.com/Volume0/opasdata/d220001/medias/images/975/S41F.jpg,SWITCH TOGGLE 4PST 20A 125V
https://mm.digikey.com/Volume0/opasdata/d220001/medias/images/599/MFG_S6AWFRO.jpg,SWITCH TOGGLE DPDT 20A 125V
https://mm.digikey.com/Volume0/opasdata/d220001/medias/images/4819/WT15S-RO.JPG,SWITCH TOGGLE SPDT 10A 125V
https://mm.digikey.com/Volume0/opasdata/d220001/medias/images/4377/MFG_SW-T2-3A-A-A2-M2.jpg,SWITCH TOGGLE DPST 6A 125V
https://mm.digikey.com/Volume0/opasdata/d220001/medias/images/4211/MFG_SW-T3-4B-A-A3-S2.jpg,SWITCH TOGGLE DPDT 3A 125V
https://mm.digikey.com/Volume0/opasdata/d220001/medias/images/4092/MFG_SW-T2-2E-A-A2-M1.jpg,SWITCH TOGGLE SPDT 6A 125V
https://mm.digikey.com/Volume0/opasdata/d220001/medias/images/426/MFG_ANT21SEBQE.jpg,SWITCH TOGGLE DPDT 5A 120V
https://mm.digikey.com/Volume0/opasdata/d220001/medias/images/1105/BNT11SEBQE.jpg,SWITCH TOGGLE SPDT 3A 120V
https://mm.digikey.com/Volume0/opasdata/d220001/medias/images/426/MFG_BNT11SECQE.jpg,SWITCH TOGGLE SPDT 3A 120V
https://mm.digikey.com/Volume0/opasdata/d220001/medias/images/426/MFG_AST11SEBQ.jpg,SWITCH TOGGLE SPDT 5A 120V
https://mm.digikey.com/Volume0/opasdata/d220001/medias/images/426/MFG_CST10T2CR.jpg,SWITCH TOGGLE SPST 0.4VA 20V
https://mm.digikey.com/Volume0/opasdata/d220001/medias/images/426/MFG_AST13SNCQ.jpg,SWITCH TOGGLE SPDT 5A 120V
https://mm.digikey.com/Volume0/opasdata/d220001/medias/images/447/200MSP6T1B1M5RE.jpg,SWITCH TOGGLE SPST 0.4VA 20V
https://mm.digikey.com/Volume0/opasdata/d220001/medias/images/43/200MSP1T2B4M2QE.JPG,SWITCH TOGGLE SPDT 3A 120V
https://mm.digikey.com/Volume0/opasdata/d220001/medias/images/4817/100SP1T1B3M1QEH.jpg,SWITCH TOGGLE SPDT 5A 120V
https://mm.digikey.com/Volume0/opasdata/d220001/medias/images/3987/100SP1T2B3M2QEH.jpg,SWITCH TOGGLE SPDT 5A 120V
https://mm.digikey.com/Volume0/opasdata/d220001/medias/images/507/100DP1T1B1M2QE.jpg,SWITCH TOGGLE DPDT 5A 120V
https://mm.digikey.com/Volume0/opasdata/d220001/medias/images/600/100DP1T2B3M2QEH.JPG,SWITCH TOGGLE DPDT 5A 120V
https://mm.digikey.com/Volume0/opasdata/d220001/medias/images/2449/100SP3T4B1M1QEH%2C%20100SP1T4B1M1QEH.jpg,SWITCH TOGGLE SPDT 5A 120V
https://mm.digikey.com/Volume0/opasdata/d220001/medias/images/5011/100SP1T3B1M1QEH.jpg,SWITCH TOGGLE SPDT 5A 120V
https://mm.digikey.com/Volume0/opasdata/d220001/medias/images/2935/VERTICLE%20TOGGLE%20SWITCH%20TO53-1307.jpg,SWITCH TOGGLE SPDT 5A 120V
https://mm.digikey.com/Volume0/opasdata/d220001/medias/images/697/100SP2T1B1M2QEH.jpg,SWITCH TOGGLE SPDT 5A 120V
https://mm.digikey.com/Volume0/opasdata/d220001/medias/images/5024/100SP1T1B2M2QE.jpg,SWITCH TOGGLE SPDT 5A 120V
https://mm.digikey.com/Volume0/opasdata/d220001/medias/images/2423/100SP3T1B1M1REH%2C%20100SP1T1B1M1REH.jpg,SWITCH TOGGLE SPDT 0.4VA 20V
https://mm.digikey.com/Volume0/opasdata/d220001/medias/images/414/200MSP5T1B1M1QEH.jpg,SWITCH TOGGLE SPDT 3A 120V
https://mm.digikey.com/Volume0/opasdata/d220001/medias/images/820/200MDP1T1B1M2QEH.jpg,SWITCH TOGGLE DPDT 3A 120V
https://mm.digikey.com/Volume0/opasdata/d220001/medias/images/5652/MFG_200MSP1T1B2M2RE.jpg,SWITCH TOGGLE SPDT 0.4VA 20V
https://mm.digikey.com/Volume0/opasdata/d220001/medias/images/426/MFG_AST13SEBQ.jpg,SWITCH TOGGLE SPDT 5A 120V
https://mm.digikey.com/Volume0/opasdata/d220001/medias/images/426/MFG_ANT23SECQE.jpg,SWITCH TOGGLE DPDT 5A 120V
https://mm.digikey.com/Volume0/opasdata/d220001/medias/images/952/100SP1T2B1M1QEH.jpg,SWITCH TOGGLE SPDT 5A 120V
https://mm.digikey.com/Volume0/opasdata/d220001/medias/images/426/MFG_BST11T2AVR.jpg,SWITCH TOGGLE SPDT 3A 120V
https://mm.digikey.com/Volume0/opasdata/d220001/medias/images/2449/100SP3T4B1M1QEH%2C%20100SP1T4B1M1QEH.jpg,SWITCH TOGGLE SPDT 5A 120V
https://mm.digikey.com/Volume0/opasdata/d220001/medias/images/600/100SP1T1B1M7QE.JPG,SWITCH TOGGLE SPDT 5A 120V
https://mm.digikey.com/Volume0/opasdata/d220001/medias/images/600/100DP3T4B1M1QE.JPG,SWITCH TOGGLE DPDT 5A 120V
https://mm.digikey.com/Volume0/opasdata/d220001/medias/images/844/100SP1T1B1M2REH.jpg,SWITCH TOGGLE SPDT 0.4VA 20V
https://mm.digikey.com/Volume0/opasdata/d220001/medias/images/952/100SPxT1B1M2QEH.jpg,SWITCH TOGGLE SPDT 5A 120V
https://mm.digikey.com/Volume0/opasdata/d220001/medias/images/2935/VERTICLE%20TOGGLE%20SWITCH%20TO53-1307.jpg,SWITCH TOGGLE SPDT 5A 120V
https://mm.digikey.com/Volume0/opasdata/d220001/medias/images/57/200MSP1T1B2M6QE.jpg,SWITCH TOGGLE SPDT 3A 120V
https://mm.digikey.com/Volume0/opasdata/d220001/medias/images/4220/MFG_SW-T1-1A-D-K1.jpg,SWITCH TOGGLE SPST 15A 125V
https://mm.digikey.com/Volume0/opasdata/d220001/medias/images/5484/SW-T1-2B-B-K1.jpg,SWITCH TOGGLE SPDT 15A 125V
https://mm.digikey.com/Volume0/opasdata/d220001/medias/images/927/100SP1T1B1M51REH.jpg,SWITCH TOGGLE SPDT 0.4VA 20V
https://mm.digikey.com/Volume0/opasdata/d220001/medias/images/600/100SP1T2B1M6QE.JPG,SWITCH TOGGLE SPDT 5A 120V
https://mm.digikey.com/Volume0/opasdata/d220001/medias/images/438/200MDP3T1B1M2QEH.jpg,SWITCH TOGGLE DPDT 3A 120V
https://mm.digikey.com/Volume0/opasdata/d220001/medias/images/2544/100SP3T2B3M2RE.jpg,SWITCH TOGGLE SPDT 0.4VA 20V
https://mm.digikey.com/Volume0/opasdata/d220001/medias/images/1159/TMD1T3B1M1QE.jpg,SWITCH TOGGLE DPDT 3A 120V
https://mm.digikey.com/Volume0/opasdata/d220001/medias/images/1056/100DP1T2B3M1QEH.jpg,SWITCH TOGGLE DPDT 5A 120V
https://mm.digikey.com/Volume0/opasdata/d220001/medias/images/55/100DP1T1B3M2QEH.jpg,SWITCH TOGGLE DPDT 5A 120V
https://mm.digikey.com/Volume0/opasdata/d220001/medias/images/366/200USP1T1A1M6RE.jpg,SWITCH TOGGLE SPDT 0.4VA 20V
https://mm.digikey.com/Volume0/opasdata/d220001/medias/images/366/200USP1T1A1M7RE.jpg,SWITCH TOGGLE SPDT 0.4VA 20V
https://mm.digikey.com/Volume0/opasdata/d220001/medias/images/2935/VERTICLE%20TOGGLE%20SWITCH%20TO53-1307.jpg,SWITCH TOGGLE SPDT 5A 120V
https://mm.digikey.com/Volume0/opasdata/d220001/medias/images/606/200MSP3T1B1M1QEH.JPG,SWITCH TOGGLE SPDT 3A 120V
https://mm.digikey.com/Volume0/opasdata/d220001/medias/images/2375/200MSP3T2B1M2QE.JPG,SWITCH TOGGLE SPDT 3A 120V
https://mm.digikey.com/Volume0/opasdata/d220001/medias/images/852/100SPxT6B11M1QEH.jpg,SWITCH TOGGLE SPDT 5A 120V
https://mm.digikey.com/Volume0/opasdata/d220001/medias/images/2383/100SP4T6B11M2QEH%2C%20100SP1T6B11M2QEH.jpg,SWITCH TOGGLE SPDT 5A 120V
https://mm.digikey.com/Volume0/opasdata/d220001/medias/images/12/100SP3T6B11M1QE.jpg,SWITCH TOGGLE SPDT 5A 120V
https://mm.digikey.com/Volume0/opasdata/d220001/medias/images/586/100DP1T4B1M1QEH.jpg,SWITCH TOGGLE DPDT 5A 120V
https://mm.digikey.com/Volume0/opasdata/d220001/medias/images/23/200MSP3T4B6M2QE.JPG,SWITCH TOGGLE SPDT 3A 120V
https://mm.digikey.com/Volume0/opasdata/d220001/medias/images/5043/100DP2T1B1M2QEH.jpg,SWITCH TOGGLE DPDT 5A 120V
https://mm.digikey.com/Volume0/opasdata/d220001/medias/images/54/200AWMSP1T1A1M2QE.jpg,SWITCH TOGGLE SPDT 3A 120V
https://mm.digikey.com/Volume0/opasdata/d220001/medias/images/2521/200MDP3T1B1M1QEH%2C%20200MDP1T1B1M1QEH.jpg,SWITCH TOGGLE DPDT 3A 120V
https://mm.digikey.com/Volume0/opasdata/d220001/medias/images/12/200MSP4T1B1M1QE.jpg,SWITCH TOGGLE SPDT 3A 120V
https://mm.digikey.com/Volume0/opasdata/d220001/medias/images/5791/MFG_200MDP1T2B2M2QE.jpg,SWITCH TOGGLE DPDT 3A 120V
https://mm.digikey.com/Volume0/opasdata/d220001/medias/images/972/100SPxT8B13M1QEH.jpg,SWITCH TOGGLE SPDT 5A 120V
https://mm.digikey.com/Volume0/opasdata/d220001/medias/images/852/100SPxT6B11M1QEH.jpg,SWITCH TOGGLE SPDT 5A 120V
https://mm.digikey.com/Volume0/opasdata/d220001/medias/images/2415/100SP4T2B4M6RE%2C%20100SP3T2B4M6RE%2C%20100SP1T2B4M6RE.jpg,SWITCH TOGGLE SPDT 0.4VA 20V
https://mm.digikey.com/Volume0/opasdata/d220001/medias/images/2383/100SP3T1B4M6RE%2C%20100SP1T1B4M6RE.jpg,SWITCH TOGGLE SPDT 0.4VA 20V
https://mm.digikey.com/Volume0/opasdata/d220001/medias/images/2465/100AWSP3T1B4M2RE%2C%20100AWSP4T1B4M2RE%2C%20100AWSP1T1B4M2RE.jpg,SWITCH TOGGLE SPDT 0.4VA 20V
https://mm.digikey.com/Volume0/opasdata/d220001/medias/images/5791/MFG_100SP1T6B11M1REH.jpg,SWITCH TOGGLE SPDT 0.4VA 20V
https://mm.digikey.com/Volume0/opasdata/d220001/medias/images/2455/200MSP3T2B2M6RE%2C%20200MSP1T2B2M6RE.jpg,SWITCH TOGGLE SPDT 0.4VA 20V
https://mm.digikey.com/Volume0/opasdata/d220001/medias/images/5033/MFG_100SP1T1B1M7QEH.jpg,SWITCH TOGGLE SPDT 5A 120V
https://mm.digikey.com/Volume0/opasdata/d220001/medias/images/985/100DP1T1B1M1REH.jpg,SWITCH TOGGLE DPDT 0.4VA 20V
https://mm.digikey.com/Volume0/opasdata/d220001/medias/images/600/100SP1T7B13M2QE.JPG,SWITCH TOGGLE SPDT 5A 120V
https://mm.digikey.com/Volume0/opasdata/d220001/medias/images/852/100SPxT6B11M1QEH.jpg,SWITCH TOGGLE SPDT 5A 120V
https://mm.digikey.com/Volume0/opasdata/d220001/medias/images/2552/CFT2-1xC-AW.JPG,SWITCH TOGGLE SPDT 0.4VA 28V
https://mm.digikey.com/Volume0/opasdata/d220001/medias/images/505/GTS447-SPDT-STANDARD-SERIES.jpg,SWITCH TOGGLE SPDT 16A 277V
https://mm.digikey.com/Volume0/opasdata/d220001/medias/images/2529/200AWMSP3T1A1M2RE%2C%20200AWMSP1T1A1M2RE%2C%20200AWMSP2T1A1M2RE.jpg,SWITCH TOGGLE SPDT 0.4VA 20V
https://mm.digikey.com/Volume0/opasdata/d220001/medias/images/24/100AWDP1T2B4M2QE.jpg,SWITCH TOGGLE DPDT 5A 120V
https://mm.digikey.com/Volume0/opasdata/d220001/medias/images/4843/SW-T1-3A-B-K2.jpg,SWITCH TOGGLE DPST 15A 125V
https://mm.digikey.com/Volume0/opasdata/d220001/medias/images/2465/100SP5T2B4M7RE%2C%20100SP1T2B4M7RE.jpg,SWITCH TOGGLE SPDT 0.4VA 20V
https://mm.digikey.com/Volume0/opasdata/d220001/medias/images/2496/100DP3T1B1M1QEH%2C%20100DP3T1B1M1QEH%2C%20100DP5T1B1M1QEH%2C%20100DP6T1B1M1QEH.jpg,SWITCH TOGGLE DPDT 5A 120V
https://mm.digikey.com/Volume0/opasdata/d220001/medias/images/581/ST164D00.jpg,SWITCH TOGGLE SPST-NO 20A 125V
https://mm.digikey.com/Volume0/opasdata/d220001/medias/images/366/200USP9T1A1M2RD.jpg,SWITCH TOGGLE SPST 0.4VA 20V
https://mm.digikey.com/Volume0/opasdata/d220001/medias/images/2438/100SP3T2B4VS2RE%2C%20100SP1T2B4VS2RE.jpg,SWITCH TOGGLE SPDT 0.4VA 20V
https://mm.digikey.com/Volume0/opasdata/d220001/medias/images/828/100SP3T1B4VS2RE.jpg,SWITCH TOGGLE SPDT 0.4VA 20V
https://mm.digikey.com/Volume0/opasdata/d220001/medias/images/12/100DP1T1B1M6QE.jpg,SWITCH TOGGLE DPDT 5A 120V
https://mm.digikey.com/Volume0/opasdata/d220001/medias/images/1037/200MSP1T2B2M7RE.jpg,SWITCH TOGGLE SPDT 0.4VA 20V
https://mm.digikey.com/Volume0/opasdata/d220001/medias/images/2383/100SP4T6B11M2QEH%2C%20100SP1T6B11M2QEH.jpg,SWITCH TOGGLE SPDT 5A 120V
https://mm.digikey.com/Volume0/opasdata/d220001/medias/images/5791/MFG_100SP3T8B13M1QE.jpg,SWITCH TOGGLE SPDT 5A 120V
https://mm.digikey.com/Volume0/opasdata/d220001/medias/images/4843/SW-T1-4B-B-K2A.jpg,SWITCH TOGGLE DPDT 15A 125V
https://mm.digikey.com/Volume0/opasdata/d220001/medias/images/4844/SW-T1-4E-B-K2A.jpg,SWITCH TOGGLE DPDT 15A 125V
https://mm.digikey.com/Volume0/opasdata/d220001/medias/images/2521/200MDP3T1B1M1QEH%2C%20200MDP1T1B1M1QEH.jpg,SWITCH TOGGLE DPDT 3A 120V
https://mm.digikey.com/Volume0/opasdata/d220001/medias/images/2496/100DP3T1B1M1QEH%2C%20100DP3T1B1M1QEH%2C%20100DP5T1B1M1QEH%2C%20100DP6T1B1M1QEH.jpg,SWITCH TOGGLE DPDT 5A 120V
https://mm.digikey.com/Volume0/opasdata/d220001/medias/images/2585/ST144D00%20%282%29.jpg,SWITCH TOGGLE SPST-NO 20A 125V
https://mm.digikey.com/Volume0/opasdata/d220001/medias/images/5791/MFG_100SP3T2B4M7RE.jpg,SWITCH TOGGLE SPDT 0.4VA 20V
https://mm.digikey.com/Volume0/opasdata/d220001/medias/images/2316/ATE1x-5M3-10-Z.JPG,SWITCH TOGGLE SPDT 50MA 48V
https://mm.digikey.com/Volume0/opasdata/d220001/medias/images/399/ATE1x-6M3-10-Z.jpg,SWITCH TOGGLE SPDT 50MA 48V
https://mm.digikey.com/Volume0/opasdata/d220001/medias/images/25/200MDP3T2B4M6QE.JPG,SWITCH TOGGLE DPDT 3A 120V
https://mm.digikey.com/Volume0/opasdata/d220001/medias/images/5791/MFG_100DP1T6B11M1QEH.jpg,SWITCH TOGGLE DPDT 5A 120V
https://mm.digikey.com/Volume0/opasdata/d220001/medias/images/599/MFG_B12JB.jpg,SWITCH TOGGLE SPDT 0.4VA 28V
https://mm.digikey.com/Volume0/opasdata/d220001/medias/images/600/100SP4T7B13M1QE.JPG,SWITCH TOGGLE SPDT 5A 120V
https://mm.digikey.com/Volume0/opasdata/d220001/medias/images/639/GTS448K101AHR.jpg,SWITCH TOGGLE DPDT 12A 250V
https://mm.digikey.com/Volume0/opasdata/d220001/medias/images/5037/100DP1T1B1M7QEH.jpg,SWITCH TOGGLE DPDT 5A 120V
https://mm.digikey.com/Volume0/opasdata/d220001/medias/images/917/ATE2E-2M3-10-Z.JPG,SWITCH TOGGLE DPDT 50MA 48V
https://mm.digikey.com/Volume0/opasdata/d220001/medias/images/917/ATE2E-2M3-10-Z.JPG,SWITCH TOGGLE DPDT 50MA 48V
https://mm.digikey.com/Volume0/opasdata/d220001/medias/images/505/GTS447-SPDT-STANDARD-SERIES.jpg,SWITCH TOGGLE SPDT 20A 277V
https://mm.digikey.com/Volume0/opasdata/d220001/medias/images/1823/TMD1T5B2M2RE.jpg,SWITCH TOGGLE DPDT 0.4VA 20V
https://mm.digikey.com/Volume0/opasdata/d220001/medias/images/1255/TMS1T5B2M7RE.jpg,SWITCH TOGGLE SPDT 0.4VA 20V
https://mm.digikey.com/Volume0/opasdata/d220001/medias/images/447/200AWMSP1T1A1M7QE.jpg,SWITCH TOGGLE SPDT 3A 120V
https://mm.digikey.com/Volume0/opasdata/d220001/medias/images/876/200MDP1T2B2M6RE.jpg,SWITCH TOGGLE DPDT 0.4VA 20V
https://mm.digikey.com/Volume0/opasdata/d220001/medias/images/6470/MFG_2M1-4P3-T1-B1-M2QE.jpg,SWITCH TOGGLE SPDT 5A 125V
https://mm.digikey.com/Volume0/opasdata/d220001/medias/images/540/GTS447N101HR.jpg,SWITCH TOGGLE SPST-NO 16A 277V
https://mm.digikey.com/Volume0/opasdata/d220001/medias/images/2471/A105SYZQ%2C%20A105SYZB%2C%20A101SYZB%2C%20A103SYZB.jpg,SWITCH TOGGLE SPDT 0.4VA 20V
https://mm.digikey.com/Volume0/opasdata/d220001/medias/images/370/MFG_G23AP.jpg,SWITCH TOGGLE DPDT 0.4VA 28V
https://mm.digikey.com/Volume0/opasdata/d220001/medias/images/505/ST14-SERIES.jpg,SWITCH TOGGLE SPDT 20A 125V
https://mm.digikey.com/Volume0/opasdata/d220001/medias/images/1124/ft1d-2m-z.JPG,SWITCH TOGGLE SPDT 0.4VA 28V
https://mm.digikey.com/Volume0/opasdata/d220001/medias/images/61/100DP8T6B11M2QEH.jpg,SWITCH TOGGLE SP3T 5A 120V
https://mm.digikey.com/Volume0/opasdata/d220001/medias/images/422/100DP3T1B4M7QE.jpg,SWITCH TOGGLE DPDT 5A 120V
https://mm.digikey.com/Volume0/opasdata/d220001/medias/images/639/MFG_B12JP.jpg,SWITCH TOGGLE SPDT 0.4VA 28V
https://mm.digikey.com/Volume0/opasdata/d220001/medias/images/972/100SPxT8B13M1QEH.jpg,SWITCH TOGGLE SPDT 5A 120V
https://mm.digikey.com/Volume0/opasdata/d220001/medias/images/954/ft1d-4m-z.JPG,SWITCH TOGGLE SPDT 0.4VA 28V
https://mm.digikey.com/Volume0/opasdata/d220001/medias/images/6258/MN12S2A2W13.jpg,SWITCH TOGGLE
https://mm.digikey.com/Volume0/opasdata/d220001/medias/images/2391/B13AP%2C%20B12AP%2C%20B15AP.jpg,SWITCH TOGGLE SPDT 0.4VA 28V
https://mm.digikey.com/Volume0/opasdata/d220001/medias/images/2435/ET05MD1SAKE%28T%26R%29%2C%20ET01MD1SAKE%28T%26R%29%2C%20ET03MD1SAKE%28T%26R%29.jpg,SWITCH TOGGLE SPDT 0.4VA 20V
https://mm.digikey.com/Volume0/opasdata/d220001/medias/images/581/ST161D00.jpg,SWITCH TOGGLE SPST 20A 125V
https://mm.digikey.com/Volume0/opasdata/d220001/medias/images/694/D22012B.jpg,SWITCH TOGGLE SPDT 0.4VA 48V
https://mm.digikey.com/Volume0/opasdata/d220001/medias/images/991/1003P1T1B1M2QEH.JPG,SWITCH TOGGLE 3PDT 5A 120V
https://mm.digikey.com/Volume0/opasdata/d220001/medias/images/6470/MFG_2M1-DP6-T2-B1-M2RE.jpg,SWITCH TOGGLE SPDT 0.4VA 20V
https://mm.digikey.com/Volume0/opasdata/d220001/medias/images/708/2M1-DP1-T6-B1-M1QE.jpg,SWITCH TOGGLE DPDT 5A 125V
https://mm.digikey.com/Volume0/opasdata/d220001/medias/images/2523/B23AP%2C%20B22AP.jpg,SWITCH TOGGLE DPDT 0.4VA 28V
https://mm.digikey.com/Volume0/opasdata/d220001/medias/images/540/GTS447A301HR.jpg,SWITCH TOGGLE SPST 20A 277V
https://mm.digikey.com/Volume0/opasdata/d220001/medias/images/382/MFG_B12AB-RO.jpg,SWITCH TOGGLE SPDT 0.4VA 28V
https://mm.digikey.com/Volume0/opasdata/d220001/medias/images/5027/100DP1T8B13M2QEH.jpg,SWITCH TOGGLE DPDT 5A 120V
https://mm.digikey.com/Volume0/opasdata/d220001/medias/images/694/B12AH.jpg,SWITCH TOGGLE SPDT 0.4VA 28V
https://mm.digikey.com/Volume0/opasdata/d220001/medias/images/581/ST26ED00.jpg,SWITCH TOGGLE DPST-NO 20A 125V
https://mm.digikey.com/Volume0/opasdata/d220001/medias/images/2134/1003P1T1B1M1RE.jpg,SWITCH TOGGLE 3PDT 0.4VA 20V
https://mm.digikey.com/Volume0/opasdata/d220001/medias/images/806/B13AB.jpg,SWITCH TOGGLE SPDT 0.4VA 28V
https://mm.digikey.com/Volume0/opasdata/d220001/medias/images/2415/A205SYZQ%2C%20A203SYZQ%2C%20A201SYZQ.jpg,SWITCH TOGGLE DPDT 5A 120V
https://mm.digikey.com/Volume0/opasdata/d220001/medias/images/640/GTS448F301AHR.jpg,SWITCH TOGGLE DPST 16A 250V
https://mm.digikey.com/Volume0/opasdata/d220001/medias/images/1138/1003P3T1B1M1QEH.jpg,SWITCH TOGGLE 3PDT 5A 120V
https://mm.digikey.com/Volume0/opasdata/d220001/medias/images/6529/MN13SS1W01.jpg,SWITCH TOGGLE
https://mm.digikey.com/Volume0/opasdata/d220001/medias/images/6254/MN11SS1W01.jpg,SWITCH TOGGLE 6A 125V
https://mm.digikey.com/Volume0/opasdata/d220001/medias/images/6449/MTA-106-D.jpg,SWITCH TOGGLE 1-POLE ON - ON
https://mm.digikey.com/Volume0/opasdata/d220001/medias/images/1049/MFG_B18AB.jpg,SWITCH TOGGLE SPDT 0.4VA 28V
https://mm.digikey.com/Volume0/opasdata/d220001/medias/images/382/MFG_G13AH-RO.jpg,SWITCH TOGGLE SPDT 0.4VA 28V
https://mm.digikey.com/Volume0/opasdata/d220001/medias/images/896/7105D.jpg,SWITCH TOGGLE SPST 6A 125V
-,SWITCH TOGGLE
https://mm.digikey.com/Volume0/opasdata/d220001/medias/images/2948/A11AB.jpg,SWITCH TOGGLE SPST 0.4VA 28V
https://mm.digikey.com/Volume0/opasdata/d220001/medias/images/640/GTS448B101A1HR.jpg,SWITCH TOGGLE DPDT 12A 250V
https://mm.digikey.com/Volume0/opasdata/d220001/medias/images/539/GTS448B301AHR.JPG,SWITCH TOGGLE DPDT 12A 250V
https://mm.digikey.com/Volume0/opasdata/d220001/medias/images/2369/8A10x2-Z.jpg,SWITCH TOGGLE SPDT 6A 125V
https://mm.digikey.com/Volume0/opasdata/d220001/medias/images/861/7205D.jpg,SWITCH TOGGLE SPST 20A 125V
https://mm.digikey.com/Volume0/opasdata/d220001/medias/images/1793/A11JV.JPG,SWITCH TOGGLE SPST 0.4VA 28V
https://mm.digikey.com/Volume0/opasdata/d220001/medias/images/600/100DP6K2B25M1QE.JPG,SWITCH TOGGLE SP3T 5A 120V
https://mm.digikey.com/Volume0/opasdata/d220001/medias/images/384/A12AH-RO.JPG,SWITCH TOGGLE SPDT 0.4VA 28V
https://mm.digikey.com/Volume0/opasdata/d220001/medias/images/539/GTS448F101AHR.JPG,SWITCH TOGGLE DPST 16A 250V
https://mm.digikey.com/Volume0/opasdata/d220001/medias/images/379/7205C.jpg,SWITCH TOGGLE SPST 20A 125V
https://mm.digikey.com/Volume0/opasdata/d220001/medias/images/505/ST14-SERIES.jpg,SWITCH TOGGLE SPDT 20A 125V
https://mm.digikey.com/Volume0/opasdata/d220001/medias/images/6347/100DP1K1B25M1REH.jpg,SWITCH TOGGLE DPDT 0.4VA 20V
https://mm.digikey.com/Volume0/opasdata/d220001/medias/images/2378/ET115A12-Z.jpg,SWITCH TOGGLE SPST-NO 15A 125V
https://mm.digikey.com/Volume0/opasdata/d220001/medias/images/2384/G3T12AP%2C%20G3T13AP.jpg,SWITCH TOGGLE SPDT 0.4VA 28V
https://mm.digikey.com/Volume0/opasdata/d220001/medias/images/6258/MN12SD3W01.jpg,SWITCH TOGGLE
https://mm.digikey.com/Volume0/opasdata/d220001/medias/images/381/5236CDB.jpg,SWITCH TOGGLE SPDT 0.4VA 20V
https://mm.digikey.com/Volume0/opasdata/d220001/medias/images/505/ST14-SERIES.jpg,SWITCH TOGGLE SPDT 20A 125V
https://mm.digikey.com/Volume0/opasdata/d220001/medias/images/1225/1825139-4.jpg,SWITCH TOGGLE DPDT 5A 120V
https://mm.digikey.com/Volume0/opasdata/d220001/medias/images/600/1003P1T2B1M1QE.JPG,SWITCH TOGGLE 3PDT 5A 120V
https://mm.digikey.com/Volume0/opasdata/d220001/medias/images/405/E101SYZQE.jpg,SWITCH TOGGLE SPDT 7.5A 125V
https://mm.digikey.com/Volume0/opasdata/d220001/medias/images/581/ST262D00.jpg,SWITCH TOGGLE DPST 20A 125V
https://mm.digikey.com/Volume0/opasdata/d220001/medias/images/1138/1003P3T1B1M1QEH.jpg,SWITCH TOGGLE 3PDT 5A 120V
https://mm.digikey.com/Volume0/opasdata/d220001/medias/images/860/MFG_A19AP.jpg,SWITCH TOGGLE SPDT 0.4VA 28V
https://mm.digikey.com/Volume0/opasdata/d220001/medias/images/369/6601-100.jpg,SWITCH TOGGLE SPST 10A 125V
https://mm.digikey.com/Volume0/opasdata/d220001/medias/images/1172/ET01MD1CBE.jpg,SWITCH TOGGLE SPDT 0.4VA 20V
https://mm.digikey.com/Volume0/opasdata/d220001/medias/images/484/MFG_C3950BBAAA.jpg,SWITCH TOGGLE DPST 20A 250V
https://mm.digikey.com/Volume0/opasdata/d220001/medias/images/2587/ST24KD00%20%282%29.jpg,SWITCH TOGGLE DPDT 20A 125V
https://mm.digikey.com/Volume0/opasdata/d220001/medias/images/952/7101MYZQE.jpg,SWITCH TOGGLE SPDT 5A 120V
https://mm.digikey.com/Volume0/opasdata/d220001/medias/images/581/ST26GD00.jpg,SWITCH TOGGLE DPDT 20A 125V
https://mm.digikey.com/Volume0/opasdata/d220001/medias/images/1149/3-1825138-1.jpg,SWITCH TOGGLE DPDT 5A 120V
https://mm.digikey.com/Volume0/opasdata/d220001/medias/images/2420/7102B-1B%20SERIES.jpg,SWITCH TOGGLE SPDT 6A 125V
https://mm.digikey.com/Volume0/opasdata/d220001/medias/images/630/C1700H.jpg,SWITCH TOGGLE SPST 20A 250V
https://mm.digikey.com/Volume0/opasdata/d220001/medias/images/382/MFG_B23AB-RO.jpg,SWITCH TOGGLE DPDT 0.4VA 28V
https://mm.digikey.com/Volume0/opasdata/d220001/medias/images/751/TL3xP005000.JPG,SWITCH TOGGLE SPDT 0.4VA 20V
https://mm.digikey.com/Volume0/opasdata/d220001/medias/images/370/MFG_G3T22AH_RO.jpg,SWITCH TOGGLE DPDT 0.4VA 28V
https://mm.digikey.com/Volume0/opasdata/d220001/medias/images/6254/MN22SS1W01.jpg,SWITCH TOGGLE
https://mm.digikey.com/Volume0/opasdata/d220001/medias/images/2435/7101SYZBE%2C%207103SYZBE%2C%207107SYZBE%2C%207101SYZGE.jpg,SWITCH TOGGLE SPDT 0.4VA 20V
https://mm.digikey.com/Volume0/opasdata/d220001/medias/images/2165/100DP1K2B25M1QEH.JPG,SWITCH TOGGLE DPDT 5A 120V
https://mm.digikey.com/Volume0/opasdata/d220001/medias/images/369/6600.jpg,SWITCH TOGGLE SPST 10A 125V
https://mm.digikey.com/Volume0/opasdata/d220001/medias/images/3017/MTA-206-N.jpg,SWITCH TOGGLE 2-POLE ON - ON
https://mm.digikey.com/Volume0/opasdata/d220001/medias/images/2288/S3900BA.jpg,SWITCH TOGGLE SPST 20A 125V
https://mm.digikey.com/Volume0/opasdata/d220001/medias/images/2580/RT%20ANGLE%20TOGGLE%20SWITCH%20SPDT%20TO61-1383.jpg,SWITCH TOGGLE SPDT 0.4VA 20V
https://mm.digikey.com/Volume0/opasdata/d220001/medias/images/2878/MTA-106-H.jpg,SWITCH TOGGLE 1-POLE MOM OFF ON
https://mm.digikey.com/Volume0/opasdata/d220001/medias/images/2519/7103SYCQE%2C%207105SYCQE%2C%207107SYCQE%2C%207108SYCQE%2C%207101SDCQE.jpg,SWITCH TOGGLE SPDT 5A 120V
https://mm.digikey.com/Volume0/opasdata/d220001/medias/images/860/S302.jpg,SWITCH TOGGLE SPDT 15A 125V
https://mm.digikey.com/Volume0/opasdata/d220001/medias/images/2583/TOGGLE%20SWITCH%20SPDT%20TO61-384%20BLUE.jpg,SWITCH TOGGLE SPDT 5A 120V
https://mm.digikey.com/Volume0/opasdata/d220001/medias/images/2521/1825136-7.jpg,SWITCH TOGGLE SPDT 5A 120V
https://mm.digikey.com/Volume0/opasdata/d220001/medias/images/2446/7101SY9V3BE%2C%207101SD9V3BE%2C%207101SD9V3GE.jpg,SWITCH TOGGLE SPDT 0.4VA 20V
https://mm.digikey.com/Volume0/opasdata/d220001/medias/images/751/TL3xP005000.JPG,SWITCH TOGGLE SPDT 0.4VA 20V
https://mm.digikey.com/Volume0/opasdata/d220001/medias/images/381/5637AB.jpg,SWITCH TOGGLE SPDT 6A 125V
https://mm.digikey.com/Volume0/opasdata/d220001/medias/images/890/4631A22UU.jpg,SWITCH TOGGLE SPST 6A 125V
https://mm.digikey.com/Volume0/opasdata/d220001/medias/images/1127/7101SD9CQE.jpg,SWITCH TOGGLE SPDT 5A 120V
https://mm.digikey.com/Volume0/opasdata/d220001/medias/images/376/A101P3ZQ04.jpg,SWITCH TOGGLE SPDT 5A 120V
https://mm.digikey.com/Volume0/opasdata/d220001/medias/images/2232/7103SD9V3QE.JPG,SWITCH TOGGLE SPDT 5A 120V
https://mm.digikey.com/Volume0/opasdata/d220001/medias/images/4273/MFG_55014series.jpg,SWITCH TOGGLE SPST 15A 24V
https://mm.digikey.com/Volume0/opasdata/d220001/medias/images/5058/1004P1T1B9M7QEH.jpg,SWITCH TOGGLE 4PDT 5A 120V
https://mm.digikey.com/Volume0/opasdata/d220001/medias/images/829/7101SYCBE.jpg,SWITCH TOGGLE SPDT 0.4VA 20V
https://mm.digikey.com/Volume0/opasdata/d220001/medias/images/1075/7105MD9AV2BE.JPG,SWITCH TOGGLE SPDT 0.4VA 20V
https://mm.digikey.com/Volume0/opasdata/d220001/medias/images/4407/5582.jpg,SWITCH TOGGLE SPST 25A 12V
https://mm.digikey.com/Volume0/opasdata/d220001/medias/images/581/ST26KD00.jpg,SWITCH TOGGLE DPDT 20A 125V
https://mm.digikey.com/Volume0/opasdata/d220001/medias/images/378/C3900BA.jpg,SWITCH TOGGLE SPST 20A 125V
https://mm.digikey.com/Volume0/opasdata/d220001/medias/images/484/MFG_C3972BBAAA.jpg,SWITCH TOGGLE DPST 20A 250V
https://mm.digikey.com/Volume0/opasdata/d220001/medias/images/2359/G12JPCF%2C%20G13JPCF.jpg,SWITCH TOGGLE SPDT 0.4VA 28V
https://mm.digikey.com/Volume0/opasdata/d220001/medias/images/2523/635H%7E2%2C%20636H%7E2%2C%20638H%7E2%2C%20639H%7E2%2C%20639H%7E2K.jpg,SWITCH TOGGLE SPDT 10A 250V
https://mm.digikey.com/Volume0/opasdata/d220001/medias/images/2435/7101SYZBE%2C%207103SYZBE%2C%207107SYZBE%2C%207101SYZGE.jpg,SWITCH TOGGLE SPDT 5A 120V
https://mm.digikey.com/Volume0/opasdata/d220001/medias/images/1142/631NH%7E2.jpg,SWITCH TOGGLE SPST 15A 250V
https://mm.digikey.com/Volume0/opasdata/d220001/medias/images/6144/MFG_2FA54-73.jpg,SWITCH TOGGLE SPST 15A 125V
https://mm.digikey.com/Volume0/opasdata/d220001/medias/images/820/S2F.jpg,SWITCH TOGGLE SPDT 15A 125V
https://mm.digikey.com/Volume0/opasdata/d220001/medias/images/2583/TOGGLE%20SWITCH%20SPDT%20TO61-384%20BLUE.jpg,SWITCH TOGGLE SPDT 5A 120V
https://mm.digikey.com/Volume0/opasdata/d220001/medias/images/495/ET01MD1ABE.jpg,SWITCH TOGGLE SPDT 0.4VA 20V
https://mm.digikey.com/Volume0/opasdata/d220001/medias/images/1015/E103SD1CBE.jpg,SWITCH TOGGLE SPDT 0.4VA 20V
https://mm.digikey.com/Volume0/opasdata/d220001/medias/images/868/1004P3T1B1M1QEH.jpg,SWITCH TOGGLE 4PDT 5A 120V
https://mm.digikey.com/Volume0/opasdata/d220001/medias/images/3793/D22022P.jpg,SWITCH TOGGLE DPDT 0.4VA 48V
https://mm.digikey.com/Volume0/opasdata/d220001/medias/images/24/1004P3T1B1M1QE.jpg,SWITCH TOGGLE 4PDT 5A 120V
https://mm.digikey.com/Volume0/opasdata/d220001/medias/images/53/7103SD9ABE.jpg,SWITCH TOGGLE SPDT 0.4VA 20V
https://mm.digikey.com/Volume0/opasdata/d220001/medias/images/506/ET210S12-Z.JPG,SWITCH TOGGLE DPDT 10A 125V
https://mm.digikey.com/Volume0/opasdata/d220001/medias/images/1184/A24JB.JPG,SWITCH TOGGLE SP3T 0.4VA 28V
https://mm.digikey.com/Volume0/opasdata/d220001/medias/images/660/C3910BA.jpg,SWITCH TOGGLE SPDT 16A 125V
https://mm.digikey.com/Volume0/opasdata/d220001/medias/images/6144/MFG_2FA53-73%252FTABS.jpg,SWITCH TOGGLE SPDT 15A 125V
https://mm.digikey.com/Volume0/opasdata/d220001/medias/images/6144/MFG_2FA53-73%252FTABS.jpg,SWITCH TOGGLE SPDT 15A 125V
https://mm.digikey.com/Volume0/opasdata/d220001/medias/images/497/T101SHZQE.jpg,SWITCH TOGGLE SPDT 3A 120V
https://mm.digikey.com/Volume0/opasdata/d220001/medias/images/4136/ET01MD1AGE.jpg,SWITCH TOGGLE SPDT 3A 120V
https://mm.digikey.com/Volume0/opasdata/d220001/medias/images/2238/GT22MCBE.JPG,SWITCH TOGGLE DPST 0.4VA 20V
https://mm.digikey.com/Volume0/opasdata/d220001/medias/images/1069/G12JHCF.jpg,SWITCH TOGGLE SPDT 0.4VA 28V
https://mm.digikey.com/Volume0/opasdata/d220001/medias/images/6144/MFG_2GE51-73.jpg,SWITCH TOGGLE DPST 15A 125V
https://mm.digikey.com/Volume0/opasdata/d220001/medias/images/2132/C3920BE.jpg,SWITCH TOGGLE SPDT 16A 125V
https://mm.digikey.com/Volume0/opasdata/d220001/medias/images/1036/631H%7E2.jpg,SWITCH TOGGLE SPST 15A 250V
https://mm.digikey.com/Volume0/opasdata/d220001/medias/images/2502/E201SD1CQE%2C%20E201SD1CBE.jpg,SWITCH TOGGLE DPDT 7.5A 125V
https://mm.digikey.com/Volume0/opasdata/d220001/medias/images/380/7101MCWCQE.jpg,SWITCH TOGGLE SPDT 5A 120V
https://mm.digikey.com/Volume0/opasdata/d220001/medias/images/6463/MN13B2B1W03.jpg,SWITCH TOGGLE SPDT 6A 125V
https://mm.digikey.com/Volume0/opasdata/d220001/medias/images/6144/MFG_2FA54-73.jpg,SWITCH TOGGLE SPST 20A 125V
https://mm.digikey.com/Volume0/opasdata/d220001/medias/images/376/MFG_S7A_RO.jpg,SWITCH TOGGLE DPDT 20A 125V
https://mm.digikey.com/Volume0/opasdata/d220001/medias/images/2583/TOGGLE%20SWITCH%20SPDT%20TO61-384%20BLUE.jpg,SWITCH TOGGLE SPDT 5A 120V
https://mm.digikey.com/Volume0/opasdata/d220001/medias/images/630/C3950BA.JPG,SWITCH TOGGLE DPST 20A 125V
https://mm.digikey.com/Volume0/opasdata/d220001/medias/images/2481/7101MD9V3BE%2C%207103MD9V3BE.jpg,SWITCH TOGGLE SPDT 0.4VA 20V
https://mm.digikey.com/Volume0/opasdata/d220001/medias/images/2584/T105MH9ABE%2C%20T103MH9ABE%2C%20T108MH9ABE%2C%20T107MH9ABE%2C%20T101MH9ABE.jpg,SWITCH TOGGLE SPDT 0.4VA 20V
https://mm.digikey.com/Volume0/opasdata/d220001/medias/images/2519/7103SYCQE%2C%207105SYCQE%2C%207107SYCQE%2C%207108SYCQE%2C%207101SDCQE.jpg,SWITCH TOGGLE SPDT 5A 120V
https://mm.digikey.com/Volume0/opasdata/d220001/medias/images/886/A9TS11-0011.JPG,SWITCH TOGGLE SPDT 100MA 28V
https://mm.digikey.com/Volume0/opasdata/d220001/medias/images/399/T102SHCQE.JPG,SWITCH TOGGLE SPST 2A 120V
https://mm.digikey.com/Volume0/opasdata/d220001/medias/images/2579/T105MH9AVBE%2C%20T101MH9AVBE%2C%20T103MH9AVBE%2C%20T108MH9AVBE.jpg,SWITCH TOGGLE SPDT 0.4VA 20V
https://mm.digikey.com/Volume0/opasdata/d220001/medias/images/4847/360_S331.jpg,SWITCH TOGGLE DPST 20A 125V
https://mm.digikey.com/Volume0/opasdata/d220001/medias/images/2496/639H%5E2.JPG,SWITCH TOGGLE SPDT 10A 250V
https://mm.digikey.com/Volume0/opasdata/d220001/medias/images/635/7105SYAQE.JPG,SWITCH TOGGLE SPDT 5A 120V
https://mm.digikey.com/Volume0/opasdata/d220001/medias/images/1055/S305T.jpg,SWITCH TOGGLE SPDT 15A 125V
https://mm.digikey.com/Volume0/opasdata/d220001/medias/images/3693/MFG_ET01LD1APE.jpg,SWITCH TOGGLE SPST 2A 120V
https://mm.digikey.com/Volume0/opasdata/d220001/medias/images/4461/MFG_5520.jpg,SWITCH TOGGLE SPST 15A 24V
https://mm.digikey.com/Volume0/opasdata/d220001/medias/images/381/5659AB.jpg,SWITCH TOGGLE 3PDT 6A 125V
https://mm.digikey.com/Volume0/opasdata/d220001/medias/images/709/7101P3YZBE.jpg,SWITCH TOGGLE SPDT 0.4VA 20V
https://mm.digikey.com/Volume0/opasdata/d220001/medias/images/2523/GT13MSCBETR%2C%20GT11MSCBETR%2C%20GT21MSCBETR.jpg,SWITCH TOGGLE DPDT 0.4VA 20V
https://mm.digikey.com/Volume0/opasdata/d220001/medias/images/495/T103MH9ABE.jpg,SWITCH TOGGLE SPDT 0.4VA 20V
https://mm.digikey.com/Volume0/opasdata/d220001/medias/images/2523/635H%7E2%2C%20636H%7E2%2C%20638H%7E2%2C%20639H%7E2%2C%20639H%7E2K.jpg,SWITCH TOGGLE SPDT 10A 250V
https://mm.digikey.com/Volume0/opasdata/d220001/medias/images/899/636H.JPG,SWITCH TOGGLE SPDT 15A 250V
https://mm.digikey.com/Volume0/opasdata/d220001/medias/images/2472/7101P3DCQE%2C%207101P3YCQE%2C%207105P3YCQE.jpg,SWITCH TOGGLE SPDT 5A 120V
https://mm.digikey.com/Volume0/opasdata/d220001/medias/images/6144/MFG_2GE51-73.jpg,SWITCH TOGGLE DPDT 15A 125V
https://mm.digikey.com/Volume0/opasdata/d220001/medias/images/6144/MFG_2GK50-73.jpg,SWITCH TOGGLE DPDT 15A 125V
https://mm.digikey.com/Volume0/opasdata/d220001/medias/images/4819/T102STCQE.jpg,SWITCH TOGGLE SPST 2A 120V
https://mm.digikey.com/Volume0/opasdata/d220001/medias/images/381/5646AB.jpg,SWITCH TOGGLE DPDT 6A 125V
https://mm.digikey.com/Volume0/opasdata/d220001/medias/images/500/7103P3YZQE.jpg,SWITCH TOGGLE SPDT 5A 120V
https://mm.digikey.com/Volume0/opasdata/d220001/medias/images/2431/7105TCWZQE%2C%207101TZQE%2C%207101TZQE%2C%207103TZQE%2C%207105TZQE%2C%207108TZQE.jpg,SWITCH TOGGLE SPDT 5A 120V
https://mm.digikey.com/Volume0/opasdata/d220001/medias/images/505/1825222-2.jpg,SWITCH TOGGLE SPST 3A 125V
https://mm.digikey.com/Volume0/opasdata/d220001/medias/images/6144/MFG_2FA54-73.jpg,SWITCH TOGGLE SPDT 15A 125V
https://mm.digikey.com/Volume0/opasdata/d220001/medias/images/6144/MFG_2GK50-73.jpg,SWITCH TOGGLE DPST 15A 125V
https://mm.digikey.com/Volume0/opasdata/d220001/medias/images/1042/S303T.jpg,SWITCH TOGGLE SPDT 15A 125V
https://mm.digikey.com/Volume0/opasdata/d220001/medias/images/2642/MFG_ILT06.jpg,SWITCH TOGGLE SPST 20A 12V
https://mm.digikey.com/Volume0/opasdata/d220001/medias/images/2597/TOGGLE%20SWITCH%20SPDT%20TO61-1384%20PINK.jpg,SWITCH TOGGLE SPDT 5A 120V
https://mm.digikey.com/Volume0/opasdata/d220001/medias/images/2427/7211P3YZQE%2C%207207P3YZQE%2C%207201P3YZQE%2C%207205P3YZQE%2C%207208P3YZQE.jpg,SWITCH TOGGLE DPDT 5A 120V
https://mm.digikey.com/Volume0/opasdata/d220001/medias/images/425/C3960BBAAA.jpg,SWITCH TOGGLE DPST 20A 250V
https://mm.digikey.com/Volume0/opasdata/d220001/medias/images/2505/7215TZQE%2C%207201TCWZQE%2C%207203TZQE%2C%207201TZQE.jpg,SWITCH TOGGLE DPDT 5A 120V
https://mm.digikey.com/Volume0/opasdata/d220001/medias/images/2404/7000%20Series%20Miniature%20Toggle.jpg,SWITCH TOGGLE DPDT 5A 120V
https://mm.digikey.com/Volume0/opasdata/d220001/medias/images/1048/S308T.jpg,SWITCH TOGGLE SPDT 15A 125V
https://mm.digikey.com/Volume0/opasdata/d220001/medias/images/634/7205p3y9cqe.JPG,SWITCH TOGGLE DPDT 5A 120V
https://mm.digikey.com/Volume0/opasdata/d220001/medias/images/844/S1AW.jpg,SWITCH TOGGLE SPST 15A 125V
https://mm.digikey.com/Volume0/opasdata/d220001/medias/images/400/C3901BA.jpg,SWITCH TOGGLE SPST-NO 16A 125V
https://mm.digikey.com/Volume0/opasdata/d220001/medias/images/900/MTA106DPC.jpg,SWITCH TOGGLE SPDT 6A 125V
https://mm.digikey.com/Volume0/opasdata/d220001/medias/images/1021/T201MH9AVBE.jpg,SWITCH TOGGLE DPDT 0.4VA 20V
https://mm.digikey.com/Volume0/opasdata/d220001/medias/images/1069/S21F.jpg,SWITCH TOGGLE DPST 15A 125V
https://mm.digikey.com/Volume0/opasdata/d220001/medias/images/325/7201K12CQE.jpg,SWITCH TOGGLE DPDT 5A 120V
https://mm.digikey.com/Volume0/opasdata/d220001/medias/images/874/637H.JPG,SWITCH TOGGLE SPDT 10A 250V
https://mm.digikey.com/Volume0/opasdata/d220001/medias/images/599/ST34SE00.jpg,SWITCH TOGGLE 3PDT 24A 125V
https://mm.digikey.com/Volume0/opasdata/d220001/medias/images/1187/B12JJVCF.JPG,SWITCH TOGGLE SPDT 0.4VA 28V
https://mm.digikey.com/Volume0/opasdata/d220001/medias/images/2581/TOGGLE%20SWITCH%20TO61-1385.jpg,SWITCH TOGGLE DPDT 5A 120V
https://mm.digikey.com/Volume0/opasdata/d220001/medias/images/2496/646H%5E2.JPG,SWITCH TOGGLE DPDT 15A 250V
https://mm.digikey.com/Volume0/opasdata/d220001/medias/images/660/C3910BA.jpg,SWITCH TOGGLE SPDT 16A 125V
https://mm.digikey.com/Volume0/opasdata/d220001/medias/images/12/7101T1CWZQE.JPG,SWITCH TOGGLE SPDT 5A 120V
https://mm.digikey.com/Volume0/opasdata/d220001/medias/images/6529/MN22LL2W13.jpg,SWITCH TOGGLE
https://mm.digikey.com/Volume0/opasdata/d220001/medias/images/380/7101TCWZQE.jpg,SWITCH TOGGLE SPDT 5A 120V
https://mm.digikey.com/Volume0/opasdata/d220001/medias/images/6144/MFG_2FA53-73.jpg,SWITCH TOGGLE SPDT 15A 125V
https://mm.digikey.com/Volume0/opasdata/d220001/medias/images/2512/641NH%5E2.JPG,SWITCH TOGGLE DPST 15A 250V
https://mm.digikey.com/Volume0/opasdata/d220001/medias/images/504/641H2.jpg,SWITCH TOGGLE DPST 15A 250V
https://mm.digikey.com/Volume0/opasdata/d220001/medias/images/2573/S28AW-RO%2C%20S29AW-RO.jpg,SWITCH TOGGLE DPDT 15A 125V
https://mm.digikey.com/Volume0/opasdata/d220001/medias/images/2211/8E40x1-Z.JPG,SWITCH TOGGLE 4PDT 6A 125V
https://mm.digikey.com/Volume0/opasdata/d220001/medias/images/383/MFG_S8AWF-RO.jpg,SWITCH TOGGLE SPDT 15A 125V
https://mm.digikey.com/Volume0/opasdata/d220001/medias/images/6144/MFG_LT-1511-110-012.jpg,SWITCH TOGGLE SPST 15A 125V
https://mm.digikey.com/Volume0/opasdata/d220001/medias/images/2961/MFG_ILT05.jpg,SWITCH TOGGLE SPST 20A 12V
https://mm.digikey.com/Volume0/opasdata/d220001/medias/images/383/S32F.jpg,SWITCH TOGGLE 3PDT 20A 125V
https://mm.digikey.com/Volume0/opasdata/d220001/medias/images/927/7205TCWZGE.jpg,SWITCH TOGGLE DPDT 5A 120V
https://mm.digikey.com/Volume0/opasdata/d220001/medias/images/853/7201TCQE.jpg,SWITCH TOGGLE DPDT 5A 120V
https://mm.digikey.com/Volume0/opasdata/d220001/medias/images/4850/1208_MTG106D.jpg,SWITCH TOGGLE SPDT 6A 125V
https://mm.digikey.com/Volume0/opasdata/d220001/medias/images/598/7101P3YZQE22.JPG,SWITCH TOGGLE SPDT 5A 120V
https://mm.digikey.com/Volume0/opasdata/d220001/medias/images/2496/631H%7E2%2C%20631H%7E2K.jpg,SWITCH TOGGLE SPST 15A 250V
https://mm.digikey.com/Volume0/opasdata/d220001/medias/images/905/MTF106D.jpg,SWITCH TOGGLE SPDT 6A 125V
https://mm.digikey.com/Volume0/opasdata/d220001/medias/images/378/C3972BA.jpg,SWITCH TOGGLE DPDT 16A 125V
https://mm.digikey.com/Volume0/opasdata/d220001/medias/images/867/DK284-73.jpg,SWITCH TOGGLE DPST 16A 125V
https://mm.digikey.com/Volume0/opasdata/d220001/medias/images/807/TT21NGPC1.jpg,SWITCH TOGGLE DPDT 0.4VA 20V
https://mm.digikey.com/Volume0/opasdata/d220001/medias/images/635/7201TCWZGE.JPG,SWITCH TOGGLE DPDT 5A 120V
https://mm.digikey.com/Volume0/opasdata/d220001/medias/images/380/5646AB2V.jpg,SWITCH TOGGLE DPDT 6A 125V
https://mm.digikey.com/Volume0/opasdata/d220001/medias/images/2471/646H%2C%20647H%2C%20648H%2C%20649H.jpg,SWITCH TOGGLE DPDT 15A 250V
https://mm.digikey.com/Volume0/opasdata/d220001/medias/images/2427/7301SYZQE%2C%207303SYZQE%2C%207305SYZQE.jpg,SWITCH TOGGLE 3PDT 5A 120V
https://mm.digikey.com/Volume0/opasdata/d220001/medias/images/1105/E301SD1CBE.jpg,SWITCH TOGGLE 3PDT 0.4VA 20V
https://mm.digikey.com/Volume0/opasdata/d220001/medias/images/1079/MTL106D.jpg,SWITCH TOGGLE SPDT 6A 125V
https://mm.digikey.com/Volume0/opasdata/d220001/medias/images/505/1825219-2.jpg,SWITCH TOGGLE SPST 0.4VA 20V
https://mm.digikey.com/Volume0/opasdata/d220001/medias/images/1075/WT18T.jpg,SWITCH TOGGLE SPDT 10A 125V
-,SWITCH TOGGLE 6A 125V
https://mm.digikey.com/Volume0/opasdata/d220001/medias/images/2505/644H%7E2%2C%20644H%7E22R%2C%20645H%7E2%2C%20646H%7E2%2C%20647H%7E2%2C%20648H%7E2%2C%20649H%7E2.jpg,SWITCH TOGGLE DPDT 10A 250V
https://mm.digikey.com/Volume0/opasdata/d220001/medias/images/4327/MFG_5501x.jpg,SWITCH TOGGLE DPDT 25A 12V
https://mm.digikey.com/Volume0/opasdata/d220001/medias/images/6258/MNL12TCFW01.jpg,SWITCH TOGGLE
https://mm.digikey.com/Volume0/opasdata/d220001/medias/images/376/S7AL.jpg,SWITCH TOGGLE DPDT 20A 125V
https://mm.digikey.com/Volume0/opasdata/d220001/medias/images/1110/11136A.jpg,SWITCH TOGGLE SPDT 4A 125V
https://mm.digikey.com/Volume0/opasdata/d220001/medias/images/4249/MFG_55065-03.jpg,SWITCH TOGGLE DPDT 25A 12V
https://mm.digikey.com/Volume0/opasdata/d220001/medias/images/1069/CT31001N000.jpg,SWITCH TOGGLE SPST 10A 125V
https://mm.digikey.com/Volume0/opasdata/d220001/medias/images/6144/MFG_HK251-73.jpg,SWITCH TOGGLE 3PDT 15A 125V
